sku,nombre,precio
237120,Chocolate Negro 72% Con Naranja 100 G,$170
432762,Juego De Mesa Royal Ajedréz,$579
87122,Funda Protectora Frical Para Niños Pierna Mediana,$900
31682,Inhalocámara Aeromed Con Máscara,$376
87984,Desodorante En Aerosol Urban Care Unlimited Deep Blue 158 Ml,$186
508122,Paleta De Sombras De Ojos Maybelline Nudes Of New York,$1.100
24471,Sualax Nf 30 Cápsulas,$540
400544,Piscina Inflable Bestway 1000 L,$1.386
41033,Zyrtec 30 Comprimidos,$2.624
318462,Juego De Madera Akas Encastre Agujeritos Y Piezas Geométricas,$702
46250,Crema Matías González Germinal 50 Cc,$2.070
557878,Mordillo Mitón Akas Con Punta Silicona,$320
572127,Ludo Plástico Toy Story,$470
293798,Alcohol En Gel Rush Clásico 1 L,$285
12523,Teofilina Efa Lp 250 Mg 20 Comprimidos,$540
87923,Gel Primicia Modelador Fijacion Extra Fuerte 90 G,$449
293793,Desodorante En Aerosol Axe Ice Chill Efecto Frío 152 Ml,$180
400531,Guitarra De Madera Hape Azul,$5.285
76152,Galletas Famosa Sensacion 180 G,$103
90237,Desodorante En Barra Old Spice Fresh 50 G 2 Unidades,$421
798851,Vaso De Aprendizaje Nuk First Choice Con Control De Temperatura +6 Meses Verde 150 Ml,$800
874470,Cofre La Roche Posay Sérum Retinol B3 30 Ml + Sérum Hyalu B5 15 Ml,$3.990
91628,Perfume Disney Spiderman Edt 100 Ml,$589
574856,Piscina Bestway Redonda 16015 L,$25.526
615057,Sérum Payot Roselift Collagene Concentre 30 Ml,$4.290
480538,Banco Inmobiliario Junior Royal,$699
572136,Puzzle 60 Piezas Royal Hombre Arana,$235
571608,Juguete Marvel Avengers 40 Cm,$1.399
572441,Puzzle Crocodile Creek 36 Piezas Dino,$812
330057,Herramientas Para El Jardín Pala + Tridente Flores Rojas,$886
353415,Repelente Para Mosquitos Off Defense Infantil Gel 100 Ml,$453
90480,Desodorante En Aerosol Urban Care Extreme 158 Ml,$186
826708,Máscara De Tratamiento Tresemmé Hidratación Pro Activa 300 Ml,$290
383922,Crema Veganis Facial Día 30 Ml,$635
886296,Peeling Cosmético Isispharma Glyco-a Body 10% 200 Ml,$2.825
63062,Caño Para Nebulizador,$133
91026,Crema Nivea Face Cuidado Nutritivo 100 Ml,$552
53781,Pañales Babysec Recién Nacido 20 Unidades,$329
90641,Libro Manual De Cocina Crandon,$1.990
550854,Peluche Troll Tiny Diamond,$599
89392,Desodorante En Aerosol Old Spice Vip150 Ml 2 Unidades,$421
330060,Set De Mini Herramientas Para El Jardín 7 Unidades,$2.200
557378,Shot Tableta 170 G,$132
274447,Pasta De Dientes Colgate Periogard 90 G,$328
31545,Vimax Masticable 50 Mg 2 Comprimidos,$275
342111,Gomitas De Pelo Top 6 Unidades Surtidas,$101
480645,Juego De Caja Royal Psiquis,$790
817976,Kiehl's Super Multi-corrective Eye-opening Sérum 15 Ml,$3.000
87123,Funda Protectora Frical Para Niños Pierna Larga,$977
36434,Desodorante En Aerosol Nivea Pearl&beauty 150 Ml,$161
68343,Gel Matías González De Avena 50 Ml,$975
445874,Peluche Nena 4 Modelos 65 Cm,$1.212
523828,Perfume Hello Kitty Love Edt 100 Ml,$429
617269,Crema Hortensia Collagen 50 Ml,$1.600
25328,Lanzopral Er 28 Cápsulas,$929
572437,Puzzle Crocodile Creek 72 Piezas Animales Marinos,$812
601902,Desodorante En Aerosol Speed Stick X5 Active 91 G,$117
817969,Kiehls Midnight Recovery Concentrat 50ml,$3.920
35446,Guantes Cirugía Estéril N°8 1/2 1 Par,$36
87959,Gel Primicia Modelador Efecto Mojado 90 G,$449
499177,Funda Vitale Agua Sin Gas 1.75l 4 Unidades,$100
767425,Contorno De Ojos Payot My Payot Glow 4.5 G,$1.750
569534,Mini Pinzas Top 4 Unidades,$139
824313,Crema Varens Beaute Facial Revitalizante 40ml,$775
312642,Suplemento Ena Ripped Max 60 Comprimidos,$1.590
89580,Desodorante En Aerosol Speed Stick Clinical Dry 93 G,$156
330085,Sonajero Lucky Baby Twist & Turn,$426
87416,Jabón En Barra Rexona Men Active 125 G 6 Unidades,$315
601376,Dienomax 2 Mg 28 Comprimidos,$1.423
865632,Sérum Isdin Flavo-c Forte 5.3 Ml,$4.763
90253,Desodorante En Gel Gillette Clear Cool Wave 82 G 2 Unidades,$447
38740,Chocolate Milka Leger Almendra 100 G,$151
494572,Alcohol En Spray Oxford 200 Ml,$250
71797,Bombones Nestle Especialidades 251 G,$272
824311,Contorno De Ojos Matías González Avena 20 Ml,$1.080
674402,Combo L'Oréal Absolute Repair Hidratación,$5.630
90078,Crema Hind's Anti-age Piernas Firmes 125 Ml,$121
73697,Antiax Suspensión 150 Ml,$583
870660,Crema Cicatricure Anti-age Fps50 50 G,$839
75168,Juanetero Gelform Talle S,$394
318686,Camion Akas Madera Con Herramientas Y Pelotas,$756
21123,Galletas Lulu Chantilly 115 G,$64
90288,Jabón En Barra Dove Men+care Extra Fresh 90 G,$75
5765,Muñequera Body Care Dedo Libre Black Line S,$666
778454,Gel Hidratante Biotherm Aquasource Hyalurónico Plump 50 Ml,$2.675
792127,Pañales Para Adultos Cotidian Premium Talle M 20 Unidades,$964
85627,Masa Acrilex Kimeleka 180 G,$130
330056,Herramientas Para Jardín Pala + Tridente + Transplantador,$1.947
31231,Equipo De Suero Microgotero,$65
400533,Set De Comida Creps Hape De Madera,$1.532
88889,Monitor De Presión Automático De Muñeca Hem-6122,$4.350
613952,Gel Exfoliante Avene 75 Ml,$817
565578,Crema Nivea Face Cuidado Anti-age 100 Ml,$609
572131,Trivia Prohibido Royal,$690
886297,Crema Isispharma Glyco-a Intense Peeling 30 Ml,$1.885
571623,Juego Royal Magia 100 Trucos,$599
352916,Repelente Off Defense Infantil Spray 100 Ml,$481
82823,Contorno De Ojos Clinique All About Eyesrich 15 Ml,$2.800
89174,Concentrado Matías González Enriquecido Acido Hialurónico 15 Cc,$1.231
355615,Uñas Adhesivas Kiss Diseño Frances Nude Chasmere,$781
777051,Jabónen Barra Dove Men Care Clean C 90 G 4 Unidades,$239
780258,Shampoo L'oréal Professionnel Metal Detox 300 Ml,$1.130
273047,Crayolas Acrilex 9806 Neón Jumbo 6 Colores,$175
33644,Caramelos Sugus Masticales 150 G,$96
590121,Libro 101 Cuentos Disney Princesas Y Heroínas,$390
318465,Juego Akas Encastre Madera 5 Piezas,$450
86247,Desodorante En Aerosol Axe Bs Marine 150 Ml 2 Unidades,$283
817938,Kiehl's Rare Earth Pore Refining Tonic 250 Ml,$1.640
90927,Silla De Rueda Plegable Standard,$9.297
63656,Tableta Cadbury Tres Sueños 80 G,$111
810275,Detergente Júpiter Concentrado Manzana 450 Ml,$86
48241,Bombón Amanditas 200 G,$205
87272,Spray Frical Refrigerante 250 Cc,$382
287058,Lapiceras Diferentes Colores,$5
330059,Set De Herramientas Para El Jardín 4 Unidades,$720
89585,Desodorante En Aerosol Axe Gold Wood Vanilla 150 Ml,$180
72865,Faja Body Care Elástica Post-parto 28 Cm Xxl,$1.263
483550,Batalla Naval Super Royal,$570
433361,Juego Royal Banco Inmobiliario,$622
63555,Tableta Cadbury Tres Sueños 24 G,$49
88110,Gasa Estéril 20cm X 20cm 80 Trozos,$515
50911,Acondicionador Dove Reconstruccion Completa 400 Ml,$391
786712,Libro Sangre Azul,$890
72070,Sérum Hidratante Biotherm Life Plankton Essence 125 Ml,$3.500
744495,Sérum Lancome Rml Ultra Triple,$4.900
517525,Muslera Tubular Body Care Talle Xl,$924
458582,Galletitas Oreo Bañadas Choco Blanco 119 G,$173
329992,Bolso Bandolera Minnie,$965
569520,Mini Pinzas Top 2 Unidades,$171
44658,Perfume Paco Rabanne One Million Edt 50 Ml,$3.974
87128,Funda Protectora Frical Para Niños Brazo Mediana,$900
505509,Gel Gillette Hydra Vitamina E 82 G ,$283
389131,Crema Pond's Rejuveness Fps30 100 G,$649
35445,Guantes Cirugía Estéril N°8 1 Par,$36
284367,Vaso De Aprendizaje First Essencial Niña 180 Ml,$390
78690,Chocolate Milka Oreo Blanco 155 G,$158
400545,Salvavidas Para Brazos Bestway Con Delfines 3 A 6 Años,$231
35296,Cepillo De Dientes Pico Jenner Plus 2 Unidades,$287
325184,Toallitas Desmaquillantes Nivea Micellair Expert 25 Unidades,$336
318757,Juego Akas Arcoiris Waldorf,$936
884190,Esponja Exfoliante Calypso Facial,$153
563279,Cera Depilatoria Millefiori Microondas Detox 180 G,$468
89880,Mascarilla Hortensia Face Spot 36 Unidades,$480
574756,Piscina Bestway Redonda 14970 L,$25.718
542635,Gel Postsolar Dermaglós Refrescante 300 G,$745
588317,Pure Shots Yves Saint Laurent Uv Defender 30 Ml,$3.125
786719,Afeitadora Schick Xtreme4 Normal 2 Unidades,$277
60537,Mulsi D3 2000 U.i. 30 Comprimidos,$400
856816,Aceite Facial Cryosmetics Día 30 Ml,$2.100
88658,Cartuchera Trolls Lata Con Ventana,$210
87121,Funda Protectora Frical Para Niños Brazo Largo,$977
505507,Gel Gillette Hydra Aloe 82 G ,$283
504302,Corta Barba Gama Clipper Gt527 Sport 220v,$1.195
309739,Agua Micelar Bifásica Garnier Skin Active 400 Ml,$505
32868,Guantes Cirugía Estéril N°7 1/2 1 Par,$36
399028,Manix Sin Sal 150 G,$104
310743,Sundown Naturals B12 200 Cápsulas,$1.390
400536,Barco Pirata Con Juego Didáctico Hape De Madera,$2.508
400639,Nutrex Lipo-6 Cla 45 Cápsulas,$1.410
563278,Planchita Gama Elegance Led 4d Marula 220v,$3.834
91328,Cera Depilatoria Millefiori En Tarro Para Microondas 180 G,$455
314151,Pañales Pampers Premium Care Bag M 80 Unidades,$1.597
501799,Desodorante En Barra Speed Stick 0% Aluminio Carbón 76 G,$144
572134,Trivia Adivina Royal,$820
79174,Galletas Mini Pepitos 50 G,$38
78340,Enjuague Bucal Perio-aid Active Control 500 Ml,$948
87129,Funda Protectora Frical Para Adultos Pierna Corta,$1.049
558875,Toallitas Femeninas Absorbex Normal 16 Unidades,$59
480640,Dominó En Lata Royal,$690
443870,Venda Coban Blanco 7.5 Cm X 2 M,$390
559775,Leche La Roche Posay Lipikar Urea 5% 400 Ml,$2.990
40580,Libro Lazos De Amor - Debolsillo,$531
824307,Crema Varens Beaute Tratamiento Facial Nutritivo 40 Ml,$775
87127,Funda Protectora Frical Para Adultos Brazo Corto,$861
480739,Juego De Caja Royal Burako,$1.090
563978,Limpiador Líquido Multisuperficies Glade Bosques De Pino Botella 900 Ml,$101
91483,Lustramuebles En Aerosol Blem Acero Inoxidable Y Metal Limón 360 Cc,$335
586841,Set De Jabónes Baylis & Harding The Fuzzy Duck Costwold Floral 3 Unidades,$659
51938,Mamadera True Decorada 250 Ml,$372
781761,Sérum Cicatricure Gold Lift 27 Ml,$1.399
75188,Tubo Gelform De Gel Talle G,$424
824409,Tratamiento Facial Varens Beaute Hidratante 40 Ml,$775
827408,Crema Esfumel Plus 20 G,$2.606
853822,Sérum Facial Natura Siberica Anti-ox Bifásico 30 Ml,$1.197
483553,Juego Generala Mini Royal,$151
846043,Shampoo Ogx Aceite De Argán De Marruecos 385 Ml,$665
567281,Desodorante En Aerosol Old Spice Wolfthorn 152 Ml,$199
801462,Chupete Suavinex Sx Pro Gold Rosado 0 A 6 Meses,$610
295089,Crema L'oréal Revitalift Día Fps30 50 Ml,$1.339
582398,Limpiador De Pisos Cif Fragancia Envolvente 900 Ml,$70
65857,Rocaltrol 0.25 Mcg 30 Cápsulas,$1.705
331288,Aparato Aromatizante De Ambientes Júpiter + Repuesto Aroma Relax 300 Ml,$913
86362,Protector Solar Eucerin Sun Anti-edad Fps50 50 Ml,$1.990
888100,Tratamiento Fructis Adiós Esponjado Glow Water 180 Ml,$490
82552,Maltodextrina Polvo 500 G,$370
817973,Kiehl's Avocado Eye Cream 14 Ml,$1.960
588126,Labial Yves Saint Laurent Rouge Volupte Shine N°127,$1.515
569323,Gomitas De Pelo Finas Top Negras 6 Unidades,$108
604305,Crema De Manos Nivea Cuidado Intensivo 100 Ml,$213
817929,Kiehl's Rare Earth Deep Pore Daily Cleanser 75 Ml,$1.310
592926,Bombon Milka Oreo 19 G,$18
433462,Juego Royal Club De Los Detectives,$525
329680,Alfajor Triple Terrabusi Torta 70 G,$48
87120,Funda Protectora Frical Para Adultos Pierna Larga,$1.127
433563,Royal Juego Ludo Y Dama,$490
56749,Protector Térmico Biferdil Atomizador 250 Ml,$586
856917,Aceite Facial Cryosmetics Noche 30 Ml,$1.950
35444,Guantes Cirugía Estéril N°7 1 Par,$36
817959,Kiehl's Caléndula Sérum - Infused Water Cream 50 Ml,$3.160
90968,Muleta De Aluminio Regulable Reforzada,$2.260
419053,Colonia Coqueterias 80 Ml,$421
63053,Elecar Solución Oral 120 Ml,$1.073
723741,Leche Ades Almendras Con Vainilla 1 L,$200
723740,Leche Ades Almendras Sin Azúcar 1 L,$200
58119,Crema L'oréal Age Perfect Jalea Real Nutrición Intensa Noche 50 Ml,$1.779
501802,Desodorante En Aerosol Speed Stick 0% Carbón 91 G,$117
310739,Peluche Apego Storki Oveja Rosa,$990
654550,Gel Revitalift ácido Hialurónico 150 Ml,$549
572126,Ludo Plástico Royal Hombre Arana,$470
330053,Vasos Verónica 310 Ml 6 Unidades,$418
660871,Batidora Con Bowl Punktal 3.2 L,$2.013
314548,Crema L'oréal Revitalift Día ácido Hialulronico 50 Ml,$1.235
51811,Gel De Ducha Nivea Vitality Fresh Para Hombre 250 Ml,$161
297692,Máquina De Afeitar Gama Gsh860 220v,$2.118
432761,Juego Hasbro Pastelazo,$1.649
883389,Esponja Desmaquillante Calypso Facial,$149
660872,Aspiradora Punktal Pk-8208 1600w,$2.634
346109,Tratamiento Matías González Perlas De Resveratrol 50 Ml,$2.039
90717,Nutrex Lipo-6 Carnitine 120 Cápsulas,$2.490
443871,Venda Coban Beige 7.5 Cm X 2 M,$390
472907,Clue Road Trip,$1.390
60938,Aguja Mariposa N°23,$51
571507,Lotto Toy Story Royal,$345
501995,Juego Didacta Puzzles Granja,$375
89393,Desodorante En Aerosol Old Spice Leña 150 Ml 2 Unidades,$421
571809,Juego Royal Contrareloj Junior,$649
569706,Agua Micelar L'oréal Revitalift ácido Hialurónico 200 Ml,$499
90948,Elevainodoro De Aluminio Regulable Y Plegable,$6.419
59284,Plenomax 20 Mg 10 Comprimidos,$1.015
36872,Equipo De Suero Macrogotero,$55
35990,Galletas Cerealitas De Salvado 200 G,$86
676577,Gel De Día Nivea Rose Care 50 Ml,$664
30172,Chocolate Cadbury Tableta Yoghurt Frutilla 27 G,$49
