sku,name,price
659840,Caminador Reebok Eléctrico Plegable Jet200,60914
835608,Consola Play Station 5 + Juego Horizon Forbidden West,58040
661056,Piscina Bestway Redonda 2306 L,39640
661056,Piscina Bestway Redonda 2306 L,39640
656519,Coche Travel System Carestino Deluxe V2 Beige,35530
659108,Aire Acondicionado Futura Asw-h18c4/forr1 18000 Btu,32240
659108,Aire Acondicionado Futura Asw-h18c4/forr1 18000 Btu,32240
603515,Cochecito Carestino London Gris,30129
603494,Cochecito Carestino Ferro Accesorios Gris Claro,29699
659292,Licuadora Bosch Mmbv622m Vitamaxx 1000w,25042
659292,Licuadora Bosch Mmbv622m Vitamaxx 1000w,25042
659965,Cocina Philco Cphdh6413s Acero Inoxidable,24760
659965,Cocina Philco Cphdh6413s Acero Inoxidable,24760
656544,Coche Travel System Carestino Kiev Rojo,22990
815220,Coche Travel System Joie Litetrax 4 Coal,22382
657222,Lavavajillas Haitech Sin Conexión De Agua,22000
657222,Lavavajillas Haitech Sin Conexión De Agua,22000
657222,Lavavajillas Haitech Sin Conexión De Agua,22000
603511,Butaca Para Auto Isofix Carestino Sidney Rojo Grupo 0-1-2-3,21945
661054,Piscina Bestway Redonda Con Filtros10250 L,21920
661054,Piscina Bestway Redonda Con Filtros10250 L,21920
656534,Coche Carestino Travel System Midway Negro,21213
658242,Cochecito Maclaren Volo Black,20226
658243,Cochecito Maclaren Volo Marmalade,20226
659290,Licuadora Bosch Mmbh6p6b Vitaboost 1600w,18962
659290,Licuadora Bosch Mmbh6p6b Vitaboost 1600w,18962
692498,Butaca Para Auto Carestino Vancouver Isofix Gris Grupo 0/1/2/3,16720
603517,Cochecito Carestino City Travel Accesorios Negro,15257
603498,Cochecito Carestino City Travel Accesorios Beige,15257
603516,Cochecito Travel System Carestino City Gris Melange,15257
871166,Bicicleta Kova Tibet Dama Rodad 27.5 Negro,14934
871265,Bicicleta Kova Tibet Hombre Rodado 27.5 Negro,14934
871166,Bicicleta Kova Tibet Dama Rodad 27.5 Negro,14934
603535,Butaca Carestino Montreal Isofix Gris Grupo 0-1-2-3,14630
603535,Butaca Carestino Montreal Isofix Gris Grupo 0-1-2-3,14630
17723,Mirena 1 Dispositivo,14562
17723,Mirena 1 Dispositivo,14562
660032,Lavarropas Enxuta Lenx765dw Automático 6 Kg Digital Blanco,13800
660032,Lavarropas Enxuta Lenx765dw Automático 6 Kg Digital Blanco,13800
830911,Coche Bebédue Up Urban Gris,12920
830914,Coche Bebédue Up Urban Beige,12920
656489,Practicuna Carestino Genova Gris,12099
656489,Practicuna Carestino Genova Gris,12099
735358,Cuna Onna Somnia,11760
735358,Cuna Onna Somnia,11760
656552,Butaca Para Auto Carestino Isofix Tokio Gris Grupo 1-2-3,11704
656484,Practicuna Carestino Marsella Beige,11439
656484,Practicuna Carestino Marsella Beige,11439
656465,Silla De Comer Carestino Neo Rosa,11329
603526,Silla De Comer Carestino Neo Gris Claro,11329
656465,Silla De Comer Carestino Neo Rosa,11329
815129,Coche Travel System Joie Muze Dark Pewter,11210
659015,Butaca Para Auto Infanti I-giro 360 Grey,11172
659015,Butaca Para Auto Infanti I-giro 360 Grey,11172
603536,Silla De Comer Carestino Luxury Morada,10999
603528,Silla De Comer Carestino Luxury Gris Claro,10999
603527,Silla De Comer Carestino Luxury Aguamarina,10999
603527,Silla De Comer Carestino Luxury Aguamarina,10999
603528,Silla De Comer Carestino Luxury Gris Claro,10999
603527,Silla De Comer Carestino Luxury Aguamarina,10999
603536,Silla De Comer Carestino Luxury Morada,10999
831107,Coche Bebédue Akro City Light Grey,10944
603489,Cochecito Carestino City V2 Con Accesorios Gris,10450
90926,Silla Higiénica Con Ruedas,10418
656480,Practicuna Carestino Venecia Rosa,10229
656478,Practicuna Carestino Venecia Aguamarina,10229
656480,Practicuna Carestino Venecia Rosa,10229
656478,Practicuna Carestino Venecia Aguamarina,10229
656478,Practicuna Carestino Venecia Aguamarina,10229
881777,Masajeador D3 Inalámbrico WMS,10000
881777,Masajeador D3 Inalámbrico WMS,10000
603537,Silla De Comer Carestino Estocolmo Gris,9899
656466,Carestino Silla De Comer Estocolmo Aguamarina,9899
656466,Carestino Silla De Comer Estocolmo Aguamarina,9899
656466,Carestino Silla De Comer Estocolmo Aguamarina,9899
656466,Carestino Silla De Comer Estocolmo Aguamarina,9899
660154,Cafetera Express Peabody Rojo,9842
660154,Cafetera Express Peabody Rojo,9842
658692,Freidora De Aire Philips Hd9218/71,9728
658692,Freidora De Aire Philips Hd9218/71,9728
658976,Coche Infanti Travel System Pompeya Gris,9690
658976,Coche Infanti Travel System Pompeya Gris,9690
590424,Aspiradora Robot Ielectric Naranja,9681
780362,Barra De Sonido Jbl Jblsb120blk,9600
780362,Barra De Sonido Jbl Jblsb120blk,9600
599665,Plataforma Vibratoria Oscilante,9491
603533,Butaca Carestino Moscu Isofix Grisgrupo 0-1-2-3,9405
603533,Butaca Carestino Moscu Isofix Grisgrupo 0-1-2-3,9405
656555,Butaca Para Auto Carestino Moscú Isofix Grupo 1-2-3 Rojo,9405
603540,Butaca Carestino Moscú Isofix Púrpura Grupo 1-2-3,9405
831207,Coche Bebédue Nik Grey,9386
616358,Auriculares Sony Inalámbricos Para P5 P4 Pulse 3d,9240
291380,Recarga Lancôme Absolue Rich Cream N°60 Ml,9190
556871,Perfume Issey Miyake L'eau D'issey Rose & Rose 90 Ml,8930
658963,Coche Travel System Infanti Terrain Gris,8930
658963,Coche Travel System Infanti Terrain Gris,8930
658962,Coche Travel System Infanti Terrain Negro,8930
658962,Coche Travel System Infanti Terrain Negro,8930
11515,Ursofálk 250 Mg 100 Cápsulas,8801
11515,Ursofálk 250 Mg 100 Cápsulas,8801
306932,Perfume Issey Miyake L'eau D'issey Pure Petal Nectar 90 Ml,8800
660155,Batidora Orbital Peabody 1000w Silver,8702
660155,Batidora Orbital Peabody 1000w Silver,8702
801664,Tratamiento Completo Fillerina 12 Grado 4 30 Ml 2 Unidades,8600
743190,Batidora Daewoo Planetaria Negro 650w,8520
556774,Perfume Issey Miyake L'eau D'issey Wood & Wood 100 Ml,7990
656550,Butaca Para Auto Carestino Berlín Rojo Grupo 1-2-3,7942
765919,Booster Infanti Premium Isofix Rojo,7942
765919,Booster Infanti Premium Isofix Rojo,7942
765919,Booster Infanti Premium Isofix Rojo,7942
603499,Mecedora Electrónica Carestino Gris,7919
603499,Mecedora Electrónica Carestino Gris,7919
603500,Mecedora Electrónica Carestino Verde Agua,7919
603500,Mecedora Electrónica Carestino Verde Agua,7919
659006,Booster Infanti Premium Isofix Negro,7904
659006,Booster Infanti Premium Isofix Negro,7904
82335,Implanton Nxt 68 Mg,7878
82335,Implanton Nxt 68 Mg,7878
842009,Mecedora Badabulle Alta Compacta Moonligh,7800
841509,Mecedora Badabulle Alta Ultracompacta Candy,7800
656475,Practicunacarestino Viena Rosa,7699
656477,Practicuna Carestino Viena Verde Agua,7699
656475,Practicunacarestino Viena Rosa,7699
656477,Practicuna Carestino Viena Verde Agua,7699
658985,Coche Infanti Royal Baby Gris,7676
658985,Coche Infanti Royal Baby Gris,7676
830909,Cámara Bebédue De Vigilancia Con Wifi,7640
29075,Mesacron 500 Mg 100 Comprimidos,7623
791015,Silla De Comer Baby Trend Alta Hojitas Con Rueditas,7560
659009,Butaca Para Auto Infanti Maya Onyx,7448
659009,Butaca Para Auto Infanti Maya Onyx,7448
659009,Butaca Para Auto Infanti Maya Onyx,7448
72114,Perfume Yves Saint Laurent Black Opium Femme Edp 90 Ml,7357
737865,Perfume Valentino Voce Viva Edp 100 Ml,7349
14007,Neotigason 25 Mg 30 Cápsulas,7314
67634,Perfume Giorgio Armani Si Edp 100 Ml,7306
81073,Perfume Carolina Herrera Good Girl Women Edp 80 Ml,7299
656563,Butaca Para Auto Carestino Verona Grupo 1-2-3 Gris,7210
656563,Butaca Para Auto Carestino Verona Grupo 1-2-3 Gris,7210
656563,Butaca Para Auto Carestino Verona Grupo 1-2-3 Gris,7210
735059,Bañito Onna Vasco Kit Rosado,6960
734961,Bañito Onna Vasco Kit Gris,6960
735258,Onna Bañito Vasco Kit Blanco,6960
735357,Bañito Onna Vasco Kit Celeste,6960
734961,Bañito Onna Vasco Kit Gris,6960
735258,Onna Bañito Vasco Kit Blanco,6960
735258,Onna Bañito Vasco Kit Blanco,6960
598141,Depiladora Gama Ipl Licia,6845
84034,Perfume Yves Saint Laurent Mon París Edp 90 Ml,6813
689598,Silla De Comer Infanti Nordic Meal Turquesa,6720
689598,Silla De Comer Infanti Nordic Meal Turquesa,6720
656457,Silla De Comer Carestino Río Azul,6599
656453,Silla De Comer Carestino Río Rosa,6599
656456,Silla De Comer Carestino Río Aguamarina,6599
656456,Silla De Comer Carestino Río Aguamarina,6599
656457,Silla De Comer Carestino Río Azul,6599
656453,Silla De Comer Carestino Río Rosa,6599
656455,Silla De Comer Carestino Río Gris,6599
736378,Freidora De Aire Ufesa Af3500,6574
661060,Piscina Bestway Redonda Inflable 5377 L,6560
661060,Piscina Bestway Redonda Inflable 5377 L,6560
734857,Nido Onna Gris 4 En 1,6520
735259,Nido Onna Beide 4 En 1,6520
81573,Planchita Gama Starlight Li Argán Bvt,6505
81573,Planchita Gama Starlight Li Argán Bvt,6505
874068,Cofre Fillerina 12 Grado 3 + Crema De Día 50 Ml,6500
674576,Perfume Carolina Herrera Bad Boy Man Edt 100 Ml,6465
660163,Air Fryer Peabody Digital Negra,6422
660163,Air Fryer Peabody Digital Negra,6422
660163,Air Fryer Peabody Digital Negra,6422
659019,Booster Joie Elevate Two Tone Black,6384
659019,Booster Joie Elevate Two Tone Black,6384
890009,Perfume Ralph Lauren Ralph's Club Perfum 100 Ml,6375
890009,Perfume Ralph Lauren Ralph's Club Perfum 100 Ml,6375
890009,Perfume Ralph Lauren Ralph's Club Perfum 100 Ml,6375
806768,Perfume Carolina Herrera Very Good Girl Glam Edp 50 Ml,6360
612046,Parlante Jbl Flip 5 Azul,6320
603502,Mecedora Carestino Gris,6269
603525,Mecedora Carestino Verde Agua,6269
603525,Mecedora Carestino Verde Agua,6269
603502,Mecedora Carestino Gris,6269
90914,Cojín De Gel 46 X 41 Cm,6264
782470,Perfume Carolina Herrera Bad Boy Cobalt Edp 100m,6235
55525,Perfume Trésor Midnight Rose Femme Edp 50 Ml,6175
817950,Kiehl's Vital Skin-strengthening Hyaluronic Acid Super Sérum 100 Ml,6165
298302,Planchita Gama Starlight Dig Iht 4d Tsubaki,6120
737770,Perfume Valentino Voce Viva Intense Edp 50 Ml,6048
23593,Perfume Polo Men Edt 118 Ml,6035
658704,Exprimidor Eléctrico Philips Hr1855-70,6004
658704,Exprimidor Eléctrico Philips Hr1855-70,6004
874674,Perfume Carolina Herrera Good Girl Blush Edp 50 Ml,5981
658960,Coche Terrain Infanti Negro,5966
658960,Coche Terrain Infanti Negro,5966
658960,Coche Terrain Infanti Negro,5966
5591677,"Combo de Belleza - Cabello, Piel y Uñas",5924
800657,Ampolla Crescina Tratamiento Completo Caballero 200 20 Unidades,5900
801762,Crema De Noche Fillerina 12 Grado 4 50 Ml,5900
441969,Crema Clinique Smart Clinical Multidimension Revolumize 50 Ml,5900
673477,Perfume Paco Rabanne Phantom Man Edt 100 Ml,5900
49592,Perfume Giorgio Armani Aqcua Di Gioia 100 Ml,5895
867540,Mancuerna Hexagonal Engomada 18 Kg,5818
867540,Mancuerna Hexagonal Engomada 18 Kg,5818
50938,Spiriva Respimat Solución 0.226 Mg / 1 Ml,5804
50938,Spiriva Respimat Solución 0.226 Mg / 1 Ml,5804
782168,Perfume Giorgio Armani Aqua Di Gio Refillable Edp 125 Ml,5775
588226,Perfume Yves Saint Laurent Mon París Intensement Edp 50 Ml,5763
659330,Tostadora Bosch Tat6a803 Comfortline,5662
67633,Perfume Giorgio Armani Si Edp 50 Ml,5623
89507,Perfume Sí Passione Giorgio Armani Femme Edp 50 Ml,5623
806464,Perfume Polo Blue Edp 125 Ml,5610
780759,Parlante Jbl Bt Flip 5 Negro,5600
77343,Sérum Fluido Biotherm Blue Therapy Reno 50 Ml,5565
892130,Perfume Armani New Code Edt 125 Ml,5539
892130,Perfume Armani New Code Edt 125 Ml,5539
40945,Perfume Giorgio Armani Code Edt 125 Ml,5539
892130,Perfume Armani New Code Edt 125 Ml,5539
863324,Perfume Valentino Born In Roma Coral Fantasy Donna Edp 50 Ml,5504
304421,Crema Payot Anti-edad Suprúme Jeunesse Noche 50 Ml,5450
304321,Crema Payot Anti-edad Global Suprúme Jeunesse Día 50 Ml,5450
825513,Planchita Gama Cp14 Dual Plate 4d 220v,5311
503294,Perfume Polo Deep Blue Man Edp 75 Ml,5278
31229,Spiriva 18 Mcg 30 Dosis,5236
31229,Spiriva 18 Mcg 30 Dosis,5236
68791,Crema Biotherm Blue Therapy Nuit Spb 50 Ml,5210
75121,Planchita Gama Cp1 Nova Digital 4d Iht,5196
75121,Planchita Gama Cp1 Nova Digital 4d Iht,5196
890010,Perfume Ralph Lauren Ralph's Club Perfum 50 Ml,5175
890010,Perfume Ralph Lauren Ralph's Club Perfum 50 Ml,5175
890010,Perfume Ralph Lauren Ralph's Club Perfum 50 Ml,5175
81713,Spiolto Respimat 4 Ml,5089
743390,Extractor De Jugo Daewoo Je4217 800w,5054
255734,Cleaning Brush Gama Ultrasonic Pro,5043
621982,Perfume Dior Homme Edt 50 Ml,5020
766019,Coche Infanti Adventure Stroller Gris,4978
765722,Coche Infanti Adventure Stroller Azul,4978
765722,Coche Infanti Adventure Stroller Azul,4978
616257,Control Inalámbrico Dualsense Ps5,4960
660817,Multiprocesadora Punktal Pk-mp12 Inox 1000w,4902
801562,Crema Para El Contorno De Ojos Fillerina 12 Grado 5 15 Ml,4900
801661,Crema Para Labios Fillerina 12 Grado 5 15 Ml,4900
510221,Sérum Pure Shots Yves Saint Laurent Lines Away 30 Ml,4900
510428,Sérum Pure Shots Yves Saint Laurent Night Reboot 30 Ml,4900
15119,Flixotide 50 Mcg 120 Dosis,4862
658196,Colchón Candide Impermeable 60x120x10 Cm,4761
820694,Juego Fifa 23 Para Ps5,4760
820694,Juego Fifa 23 Para Ps5,4760
303422,Concentrado Payot Anti Edad Global Suprúme Jeunesse Concentrado 30 Ml,4760
423853,Perfume Nina Rouge Edt 80 Ml,4758
605599,Perfume Giorgio Armani Code Man Edp 60 Ml,4755
602187,Mixer Con Batidor Y Picador Philips,4712
90161,Crema Biotherm Blue Therapy Red Algae Uplift 50 Ml,4690
90161,Crema Biotherm Blue Therapy Red Algae Uplift 50 Ml,4690
83936,Crema Biotherm Blue Therapy Multi-defender Piel Normal A Mixta Fps25 50 Ml,4690
83936,Crema Biotherm Blue Therapy Multi-defender Piel Normal A Mixta Fps25 50 Ml,4690
836514,Planchita Beauty Style 2 En 1,4655
836514,Planchita Beauty Style 2 En 1,4655
603522,Gimnasio Didáctico Carestino Multifuncion Mi Jardín,4619
603522,Gimnasio Didáctico Carestino Multifuncion Mi Jardín,4619
75730,Perfume Paco Rabanne Olympéa Women Edp 50 Ml,4588
815112,Batidora Xion Planetaria 1000w Blanca,4560
77509,Base Compacta Lancôme Teint Idole 24h N°04 Beige Nature,4560
815215,Batidora Xion Planetaria Negra 1000w,4560
510127,Perfume Yves Saint Laurent Libre Woman Edp 30 Ml,4555
281765,Perfume Kenzo L'eau Kenzo Homme Man Edt 100 Ml,4544
887798,Neovadiol Vichy Post-meno Noche 50 Ml,4515
887798,Neovadiol Vichy Post-meno Noche 50 Ml,4515
876072,Kiehl's Set Anti Age Nighttime,4501
818379,Sérum Biotherm Blue Retinol Night Concentrado 30 Ml,4500
660652,Aspiradora Allied Aqua Al-aq80 Sin Bolsa,4484
658672,Plancha A Vapor Philips Gc360/30 Steamer,4484
660652,Aspiradora Allied Aqua Al-aq80 Sin Bolsa,4484
786801,Crema Isdin Contorno De Ojos Vital Eyes 15 G,4483
23691,Perfume Giorgio Armani Acqua Di Gio Man Edt 100 Ml,4437
88893,Perfume Cacharel Yes I Am Femme Edp 50 Ml,4390
751801,Crema Vichy Neovadiol Peri-menopausia Pieles Secas 50 Ml,4380
752102,Crema Vichy Neovadiol Peri-menopausia Noche 50 Ml,4380
616357,Cámara Hd Ps5,4360
85713,Perfume Paco Rabanne Lady Million Privé Women Edp 50 Ml,4335
631410,Sérum Lancôme Genifique Sensitive 20 Ml,4330
590529,Perfume Nina Rose Nina Ricci Edt 50 Ml,4330
9673478,Perfume Paco Rabanne Phantom Man Edt,4310
9673478,Perfume Paco Rabanne Phantom Man Edt,4310
9673478,Perfume Paco Rabanne Phantom Man Edt,4310
324567,Sérum Tratamiento Biotherm Life Plankton Elixir 50 Ml,4300
615057,Sérum Payot Roselift Collagene Concentre 30 Ml,4290
14403,Perfume Miracle Femme Edp 30 Ml,4225
833908,Butaca Para Auto Babyauto Konar Roja/gris,4218
834110,Butaca Para Auto Alva Babyauto Negra 9 A 36 Kg,4218
833908,Butaca Para Auto Babyauto Konar Roja/gris,4218
791315,Butaca Para Auto Babyauto Konar Negro Y Gris,4218
557474,Perfume Polo Red Edp 75 Ml,4208
255833,Masajeador Facial Gama Ultrasónico,4196
75119,Secador De Pelo Gama Leggero Ion 4d 220v,4196
75119,Secador De Pelo Gama Leggero Ion 4d 220v,4196
30903,Contorno De Ojos Lancôme Renergie Yeux 15 Ml,4190
66064,Crema Biotherm Celluli Eraser 200 Ml,4165
66064,Crema Biotherm Celluli Eraser 200 Ml,4165
66064,Crema Biotherm Celluli Eraser 200 Ml,4165
452979,Planchita Gama X-wide Digital Kera-shine 220v,4158
765721,Booster Infanti Race Con Respaldo Desmontable Rojo,4142
765819,Booster Infanti Race Con Respaldo Desmontable,4142
765721,Booster Infanti Race Con Respaldo Desmontable Rojo,4142
65915,Crema Eucerin Volume Filler Día Piel Normal A Mixta 50 Ml,4042
817948,Kiehl's Vital Skin-strengthening Hyaluronic Acid Super Sérum 50 Ml,4009
602082,Suplemento Whey Protein Isolate Power Frutilla 930 G,4005
715937,Fifa 22 Ps5,4000
637325,Juego Fifa 22 Para Ps4,4000
90923,Cojín De Gel Theraback,3984
44658,Perfume Paco Rabanne One Million Edt 50 Ml,3974
619072,Máscara Biotherm Life Plankton 75 Ml,3970
660082,Aspiradora Ciclónica Enxuta Aenxc182000ng 2000w,3960
660082,Aspiradora Ciclónica Enxuta Aenxc182000ng 2000w,3960
820693,Juego Fifa 23 Para Ps4,3960
603520,Gimnasio Didáctico Carestino Amigos,3959
817960,Kiehl's Super Multi-corrective Anti-aging Cream 75 Ml,3935
797737,Sérum Anti-pigment Ultra Light 30 Ml,3886
40928,Perfume Paco Rabanne Black Xs Men Edt 50 Ml,3880
867839,Booster Swiss Armor 3 En 1,3876
9538334,Perfume Armani Ocean Di Gioia Edp Femme,3830
619079,Perfume Giorgio Armani Terra Di Gioia Femme Edp 30 Ml,3830
80949,Tensiómetro Gama Hl Bp 1304 Bat,3827
815212,Afeitadora Xionprofesional De Terminación,3800
658717,Mixer Philips Hr2624/80,3800
658647,Depiladora Eléctrica Philips Bre700/00 Satinelle Advanced,3800
658647,Depiladora Eléctrica Philips Bre700/00 Satinelle Advanced,3800
743392,Salad Maker Daewoo 200w,3800
658717,Mixer Philips Hr2624/80,3800
599662,Estimulador Facial Y Corporal De Ondas,3791
25857,Perfume Cacharel Amor Amor Edt 50 Ml,3790
499277,Termómetro Frontal Infrarrojo,3781
605603,Crema Lancôme Genifique New Eye Cream N°15 Ml,3780
886896,Freidora De Aire Cuori Modelo Creta 5 L,3762
659338,Cafetera De Goteo Bosch Tka3a034 Compactclass Roja,3762
790313,Extractor De Leche Eléctrico Snow Bear Digital,3760
790313,Extractor De Leche Eléctrico Snow Bear Digital,3760
88899,Suplemento Usn Whey Protein Chocolate 908 G,3750
88899,Suplemento Usn Whey Protein Chocolate 908 G,3750
603491,Alfombra Antigolpes Reversible Jungla 200x180 Cm,3739
859920,Tensiómetro Digital De Muñeeca Hem-6124,3698
616868,Inflable Sunnyllife Bff Colchóneta Xl,3690
616868,Inflable Sunnyllife Bff Colchóneta Xl,3690
825107,Base Yves Saint Laurent All Hours Foundation N°ln8 Night Neutral 25 Ml,3675
825112,Base Yves Saint Laurent All Hours Foundation N°mn8 Medium Neutral 25 Ml,3675
630309,Base Yves Saint Laurent Touche Eclat Le Teint N°bd50 Warm Honey 25 Ml,3675
630112,Base Yves Saint Laurent Touche Eclat Le Teint N°bd40 Warm Sand 25 Ml,3675
630010,Base Yves Saint Laurent Touche Eclat Le Teint N°b30 Almond 25 Ml,3675
820041,Imprimador Y Humectante Lancôme Uv Expert Defense Fps50+ 50 Ml,3640
791014,Horno Eléctrico Allied Al-eo21 Silver 23 L,3640
603496,Bañito Plegable Carestino Con Soporte Celeste,3629
603496,Bañito Plegable Carestino Con Soporte Celeste,3629
892129,Perfume Armani New Code Edt 75 Ml,3597
892129,Perfume Armani New Code Edt 75 Ml,3597
892129,Perfume Armani New Code Edt 75 Ml,3597
400331,Suplemento Atlhetica Protein Premium Vainilla 1800 G,3590
400331,Suplemento Atlhetica Protein Premium Vainilla 1800 G,3590
614354,Juego Ps4 Crash Bandicoot 4 Its About Time,3560
780361,Auriculares Jbl Bt Tws Wave 100 Negro,3520
780360,Auriculares Jbl Bt Tws Wave 100 Marfil,3520
780361,Auriculares Jbl Bt Tws Wave 100 Negro,3520
780360,Auriculares Jbl Bt Tws Wave 100 Marfil,3520
603501,Silla De Comer Carestino Osaka Booster Verde,3519
603529,Silla De Comer Carestino Osaka Booster Gris,3519
603531,Silla De Comer Carestino Osaka Booster Rosa,3519
603501,Silla De Comer Carestino Osaka Booster Verde,3519
642944,Cámara Web Argom Full Hd Con Micrófono,3499
642944,Cámara Web Argom Full Hd Con Micrófono,3499
74973,Petaca Aily Portafolio Completa,3496
85274,Base Lancôme Teint Idole Ultra Wear Fps15 N°055 30 Ml,3495
306936,Fluido Isdin Ultra Active Unify Color Fps9 50 Ml,3493
817944,Kiehl's Retinol Skin-renewing Daily Micro-dose Sérum 30 Ml,3484
785596,Cofre Acqua Di Gio Edt 50 Ml + Gel + Crema 75 Ml,3468
73084,Crema Hidratante Biotherm Acquasource Night Bath 50 Ml,3460
76786,Contorno De Ojos La Roche Posay Redermic R 15 Ml,3425
599761,Exfoliador Microdiamond Mantra Aqua,3411
599669,Exfoliador Microdiamond Mantra Rosado,3411
840411,Silla Bigjigs La Oveja,3400
90935,Bastón Canadiense Reforzado Regulable,3390
602188,Afeitadora Con Corta Patillas Philips,3382
660156,Licuadora Peabody 800w Blanco,3382
660157,Licuadora Peabody 800w Rojo,3382
602188,Afeitadora Con Corta Patillas Philips,3382
660156,Licuadora Peabody 800w Blanco,3382
867838,Booster Swiss Armor 2 En 1,3382
660157,Licuadora Peabody 800w Rojo,3382
865967,Disco Olímpico Profesional Negro 10 Kg,3375
799850,Juego Nba 2k22 Ps4,3360
79257,Nebulizador Omron Ne-c801,3358
811571,Planchita Gama Elegance Matcha Led Bvt,3349
660651,Freidora Sin Aceite Allied Al-afps50 3.5 L,3325
660651,Freidora Sin Aceite Allied Al-afps50 3.5 L,3325
866036,Mancuerna Hexagonal Engomada 10 Kg,3322
887896,Hyalu B5 La Roche Posay Sérum De Ojos 15 Ml,3300
887896,Hyalu B5 La Roche Posay Sérum De Ojos 15 Ml,3300
692504,Alfombra Carestino Plegable Bosque 177x195 Cm,3299
692506,Alfombra Carestino Plegable Aventura 177x195 Cm,3299
692506,Alfombra Carestino Plegable Aventura 177x195 Cm,3299
692504,Alfombra Carestino Plegable Bosque 177x195 Cm,3299
692504,Alfombra Carestino Plegable Bosque 177x195 Cm,3299
817939,Kiehl's Caléndula Herbal-extract Alcohol-free Toner 500 Ml,3296
619076,Perfume Lancôme Idole Aura Femme Edp 25 Ml,3295
361915,Sérum Physiolift Avene 30 Ml,3294
79341,Afeitadora Gama Gsh900,3272
298300,Secador De Pelo Gama Diva 4d Kera-shine 220v,3272
815118,Procesador De Alimentos Xion 800w,3268
80740,Gel Hidratante Biotherm Acquasource Everplump 50 Ml,3265
86128,Jardiance 10 Mg 30 Comprimidos,3239
660100,Procesadora De Alimentos Enxuta Sdaenxpa8942 1.5 L,3230
660100,Procesadora De Alimentos Enxuta Sdaenxpa8942 1.5 L,3230
90952,Andador De Aluminio Regulable 2 Barras,3219
814182,Barra De Sonido Xion 2.1 4000w,3200
256333,Masajeador Led Ultrasonico Gama,3195
892224,Perfume Armani Code Le Parfum Man 50 Ml,3192
892224,Perfume Armani Code Le Parfum Man 50 Ml,3192
892224,Perfume Armani Code Le Parfum Man 50 Ml,3192
571621,Laboratorio De Mecánica Fórmula 1,3190
459383,Almohadilla Térmica Lumbar 220v,3190
430160,Crema Payot Blue Techni Liss Jour 50 Ml,3180
91610,Crema Isispharma Geneskin Lift 50 Ml,3180
430360,Crema Payot Blue Techni Liss Nuit 50 Ml,3180
867447,Pesas Rusas Kettlebells Azul 10 Kg,3159
238419,Extractor De Leche Nevi Eléctrico,3150
58804,Sérum La Roche Posay Hydraphase Intense 30 Ml,3150
238419,Extractor De Leche Nevi Eléctrico,3150
817994,Kiehl's Creme De Corps Body Moisturizer 500 Ml,3132
652341,Suplemento Platinum 100% Whey Isolate Chocolate 930 G,3122
652540,Suplemento Platinum 100% Whey Isolate Vainilla 930 G,3122
652341,Suplemento Platinum 100% Whey Isolate Chocolate 930 G,3122
652540,Suplemento Platinum 100% Whey Isolate Vainilla 930 G,3122
780359,Auriculares Jbl Gamer Quantum 100,3120
780359,Auriculares Jbl Gamer Quantum 100,3120
824607,Iluminador Lancôme Teint Idole Stick N°03,3105
301148,Crema Hidratante Yves Saint Laurent Top Secrets Instant Moisture Glow Tr 40 Ml,3100
301148,Crema Hidratante Yves Saint Laurent Top Secrets Instant Moisture Glow Tr 40 Ml,3100
824314,Base Lancôme Teint Idole Ultra Wear & Glow N°425c 30 Ml,3070
824413,Base Lancôme Teint Idole Ultra Wear & Glow N°325c 30 Ml,3070
817957,Kiehl's Ultra Facial Oil-free Lotion 125 Ml,3050
812471,Corta Pelo Gama Clipper Multifunción T923,3041
658608,Depiladora Eléctrica Philips Satinelle Essential Bre275/00,3040
658608,Depiladora Eléctrica Philips Satinelle Essential Bre275/00,3040
658608,Depiladora Eléctrica Philips Satinelle Essential Bre275/00,3040
816014,Licuadora Xion 650w Vaso Acero,3040
45448,Tiras Accu-chek Performa 50 Unidades,3040
45448,Tiras Accu-chek Performa 50 Unidades,3040
611525,Tiras Accu-chek Guide 50 Unidades,3040
589922,Sérum Avene A-oxitive 30 Ml,3035
892133,Kiehl's Ultimate Shave Collection Gift Set,3025
892133,Kiehl's Ultimate Shave Collection Gift Set,3025
892133,Kiehl's Ultimate Shave Collection Gift Set,3025
892133,Kiehl's Ultimate Shave Collection Gift Set,3025
602387,Recortador Philips Mg5730/15 Multigroom Series 5000,3002
886897,Exprimidor Oster Chrome Blanco,3002
602387,Recortador Philips Mg5730/15 Multigroom Series 5000,3002
658634,Cepillo Alisador Philips Stylecare Essential Bhh880/00,3002
616867,Colchoneta Inflable Arcoíris,2990
459382,Almohadilla Térmica Grande 220v,2990
559775,Leche La Roche Posay Lipikar Urea 5% 400 Ml,2990
616867,Colchoneta Inflable Arcoíris,2990
41357,Crema Eucerin Facial Antienrojecimiento 50 Ml,2967
817941,Kiehl's Clearly Corrective Dark Spot Corrector 30 Ml,2951
817985,Kiehl's Ginger Leaf & Hibiscus Firming Overnight Masque 100 G,2951
817978,Kiehl'snightly Refiningmicro-peel Concentrate 30 Ml,2951
11958,Inhalador Flixotide Osp 250 Mg 60 Dosis,2930
11958,Inhalador Flixotide Osp 250 Mg 60 Dosis,2930
510223,Fortalecedor De Uñas Isdin Si Nails Varnish 2.5 Ml,2916
84816,Afeitadora Gama Gsh895 220v,2888
639128,Perfume Ralph Lauren Ralph's Club Edp 30 Ml,2888
84816,Afeitadora Gama Gsh895 220v,2888
84816,Afeitadora Gama Gsh895 220v,2888
660805,Cafetera Eléctrica Punktal Express Pk-c103 2-4 Tazas Roja,2888
887797,Toleriane La Roche Posay Rosaliac Spf30 50 Ml,2870
876071,Kiehl's Set The Ultimate Kiehl's,2861
892132,Kiehl's Set Facial Fuel Daily Energizing Moisture Treatment For Men,2861
892132,Kiehl's Set Facial Fuel Daily Energizing Moisture Treatment For Men,2861
659897,Mancuernas Acolchónadasreebok Rojas 2 Kg 2 Unidades,2850
830916,Saco Bebédue Cadi Beige,2850
459485,Almohadilla Térmica Cervical 220v,2850
614570,Pista En Ocho Bigjigs,2840
326474,Crema Corporal Isispharma Neotone Body 100 Ml,2825
817984,Kiehl's Avocado Nourishing Hyration Mask 100 G,2820
817984,Kiehl's Avocado Nourishing Hyration Mask 100 G,2820
326472,Crema Isispharma Neotone Prevent Fps50+ 30 Ml,2805
605699,Perfume Giorgio Armani Code Man Edp 30 Ml,2794
659938,Enxuta Ventilador De Pie Vpenx916w 140cm Blanco,2793
659938,Enxuta Ventilador De Pie Vpenx916w 140cm Blanco,2793
29609,Crema Avene Nutritiva Compensadora 50 Ml,2789
817982,Kiehl's Caléndula Petal Infused Calming Mask 100 Ml,2779
817982,Kiehl's Caléndula Petal Infused Calming Mask 100 Ml,2779
65598,Trayenta Duo 2.5 /850 Mg 60 Comprimidos,2776
892125,Perfume Armani New Code Edt 50 Ml,2775
892125,Perfume Armani New Code Edt 50 Ml,2775
892125,Perfume Armani New Code Edt 50 Ml,2775
600976,Licuadora Ufesa Bs4707 Activa,2774
600976,Licuadora Ufesa Bs4707 Activa,2774
721938,Colágeno Corpore Pro Sport 10 300 G,2762
721937,Colágeno Corpore Pro Articol 360 300 G,2762
817987,Kiehl's Cranberry Seed Masque 100 G,2746
817986,Kiehl's Ultra Facial Overnight Hydrating Face Mask 100 G,2746
817987,Kiehl's Cranberry Seed Masque 100 G,2746
73848,Base Hidrisage Lumed Fluida Oscuro Fps50 40 G,2741
736386,Licuadora Ufesa Onyx Recargable,2736
